<ActionDescription Class="Group" DisplayName="Check if referenced in Task Sequences" MnemonicDisplayName="Check if referenced in Task Sequences" Description="Check if referenced in Task Sequences" SqmDataPoint="53">
 
  <ShowOn>
    <string>ContextMenu</string>
  </ShowOn>
 
  <ActionGroups>
    <ActionDescription Class="Executable" DisplayName="Check if referenced in Task Sequences" MnemonicDisplayName="Check if referenced in Task Sequences" Description="Check if referenced in Task Sequences">
      <ShowOn>
	<string>DefaultHomeTab</string>
        <string>ContextMenu</string>
      </ShowOn>
      <Executable>
        <FilePath>wscript.exe</FilePath>
	<Parameters>"C:\temp\CM12ConsoleExtensions\SilentOpenPS.vbs" "C:\temp\CM12ConsoleExtensions\CM12-CheckForTSReferences.ps1" ##SUB:PackageID## ##SUB:__Server##</Parameters>
      </Executable>
    </ActionDescription>
  </ActionGroups>
</ActionDescription>